"date","name_semicolon_delimited","killed","wounded","city","state","sources_semicolon_delimited","","","","","","","","","","","","","","","",""
"5/15/19","Unkown (victims included a 5-yr-old girl)","0","4","Los Angeles","CA","https://abc7.com/3-men-5-year-old-girl-shot-at-south-la-park/5300854/","","","","","","","","","","","","","","","",""
"5/13/19","Unknown","4","1","St. Louis","MO","https://www.stltoday.com/news/local/crime-and-courts/fourth-victim-dies-after-monday-night-shooting-at-home-in/article_094ad00e-e2b1-5cd5-ac81-be05793a056f.html;https://www.ksdk.com/article/news/crime/3-dead-2-injured-in-north-st-louis-shooting/63-de68a102-aea8-4ac4-8172-240ce3e7573c","","","","","","","","","","","","","","","",""
"5/13/19","Unknown (victims included 1 juvenile)","0","4"," New Orleans","LA","https://www.wdsu.com/article/four-injured-in-central-city-shooting-nopd-says/27458209","","","","","","","","","","","","","","","",""
"5/12/19","Unknown","0","4","Paulsboro","NJ","https://6abc.com/5-hurt-after-gunmen-open-fire-at-rap-concert/3464115/?pd00=6ee4a4da-041a-4f21-aaa6-32e96b0ed77a&pd01=e1c52a80-96b4-4931-8f05-9a11a098b72e&pd02=pl-search&pd99=126a63dd-5324-4540-abff-c4ce1d6ba49d","","","","","","","","","","","","","","","",""
"5/11/19","Thomas Modzel","0","4","Effort","PA","https://wnep.com/2019/05/11/four-people-shot-at-home-in-poconos/;","","","","","","","","","","","","","","","",""
"5/10/19","Unknown","0","6","St. Louis","MO","https://www.kmov.com/news/police-investigating-shooting-near-north-city-elementary-school/article_863851de-7362-11e9-b92a-5f4474aa5048.html;https://fox2now.com/2019/05/10/greater-ville-shooting-police-now-say-six-people-wounded/","","","","","","","","","","","","","","","",""
"5/10/19","Unknown","0","5","Philadelphia","PA","https://www.nbcphiladelphia.com/news/local/5-Shot-Along-North-Philadelphia-Street-509770771.html;https://philadelphia.cbslocal.com/2019/05/10/five-people-shot-in-north-philadelphia-sources-confirm/","","","","","","","","","","","","","","","",""
"5/8/19","Unknown","0","4","Indianapolis","IN","https://www.wishtv.com/news/crime-watch-8/4-people-shot-on-city-s-near-northwest-side/1990939660;https://www.wthr.com/article/4-people-shot-northwest-side-indianapolis","","","","","","","","","","","","","","","",""
"5/7/19","18-yr-old boy & 17-yr-old girl (victims included 8 juveniles)","1","8","Highlands Ranch","CO","https://www.wtnh.com/news/national/police-respond-to-reports-of-school-shooting-in-colorado/1986821510;https://www.thedenverchannel.com/news/local-news/at-least-one-victim-in-shooting-at-stem-school-highlands-ranch-authorities-say?fbclid=IwAR1_E9G6XArp6ytVIWyzOQxmssHatPHRJHlpF2AWb8M3FN_v2QnvEKZ38ME","","","","","","","","","","","","","","","",""
"5/5/19","Francisco Orozco","0","6","Oceano","CA","https://www.kcra.com/article/6-hurt-shooting-at-oceano-dunes-california-coast/27368149;https://www.sanluisobispo.com/news/local/crime/article230050314.html","","","","","","","","","","","","","","","",""
"5/5/19","Jonathan Haughey-Morales","1","4","North Bergen","NJ","https://www.rlsmedia.com/article/breakingearly-morning-shooting-leaves-multiple-victims-shot-north-bergen;https://www.nj.com/hudson/2019/05/west-new-york-man-wanted-for-quadruple-shooting-arrested-in-pennsylvania-authorities.html","","","","","","","","","","","","","","","",""
"5/4/19","Unknown","1","4","Stockton","CA","https://www.kcra.com/article/man-killed-four-shot-in-stockton/27365094;https://www.recordnet.com/news/20190504/multiple-victims-shot-two-critically-injured-near-scene-of-previous-deadly-shooting","","","","","","","","","","","","","","","",""
"5/4/19","Unknown (victims included 2 boys & 14-yr-old girl)","0","4","Indianapolis","IN","https://www.wthr.com/article/four-people-injured-downtown-shooting;https://cbs4indy.com/2019/05/05/3-injured-in-downtown-shooting/","","","","","","","","","","","","","","","",""
"5/4/19","Unknown (victims included 15-yr-old boy)","0","4","Wilmington","DE","https://www.delawareonline.com/story/news/crime/2019/05/04/wilmington-police-investigate-possible-shooting/1104730001/;https://philadelphia.cbslocal.com/2019/05/04/four-people-including-teenager-injured-in-wilmington-shooting/","","","","","","","","","","","","","","","",""
"5/4/19","Unknown","1","4","St. Louis","MO","https://www.kmov.com/news/dead-hospitalized-after-overnight-north-city-shooting/article_9a983510-6e51-11e9-9b8d-2f44951b237b.html;https://www.stltoday.com/news/local/crime-and-courts/five-shot-one-dead-inside-vehicle-in-shooting-in-north/article_850173ed-34b8-58b8-9ed4-9eb50b49d533.html","","","","","","","","","","","","","","","",""
"5/3/19","Unknown","1","3","Dallas","TX","https://www.dallasnews.com/news/crime/2019/05/04/4-men-wounded-shooting-atpark-dallas-oak-lawn-neighborhood;https://dfw.cbslocal.com/2019/05/04/1-killed-dallas-drive-by-shooting-oak-lawn/","","","","","","","","","","","","","","","",""
"5/3/19","Unknown (victims included 1-yr-old and 2-yr-old children)","0","5","Baltimore","MD","https://baltimore.cbslocal.com/2019/05/03/2-children-1-adult-shot/;https://www.baltimoresun.com/news/maryland/crime/bs-md-triple-shooting-ramsey-street-0504-story.html","","","","","","","","","","","","","","","",""
"5/3/19","Unknown","0","4","Baltimore","MD","https://www.baltimoresun.com/news/maryland/crime/bs-md-overnight-shooting-20190503-story.html;https://baltimore.cbslocal.com/2019/05/03/4-shot-3-arrested-east-baltimore-shooting/","","","","","","","","","","","","","","","",""
"5/1/19","Unknown","1","3","Boston","MA","https://boston.cbslocal.com/2019/05/01/4-people-shot-dorchester-windermere-rd/;https://www.universalhub.com/crime/20190501/four-shot-windermere-road-dorchester","","","","","","","","","","","","","","","",""
"4/30/19","David Madden (victims included gunman's father & 2 officers)","2","2","Raymond","KS","https://www2.ljworld.com/news/state-region/2019/apr/30/suspect-father-dead-following-shootings-of-kansas-sheriff-undersheriff/;https://www.kwch.com/content/news/Large-police-presence-in-Rice-County-509238361.html","","","","","","","","","","","","","","","",""
"4/30/19","Unknown (victims were all UNC students)","2","4","Charlotte","NC","https://www.washingtonpost.com/education/2019/04/30/unc-charlotte-lockdown-after-reports-shots-fired/?utm_source=reddit.com&utm_term=.ebfeb9be33b1;https://www.nbcnews.com/news/us-news/least-2-dead-2-injured-after-report-shooting-university-north-n1000436","","","","","","","","","","","","","","","",""
"4/28/19","Unknown (victims were all family members)","4","0","West Chester","OH","https://www.wlwt.com/article/police-4-dead-at-lakefront-at-west-chester-apartment-complex/27300151;https://www.cincinnati.com/story/news/crime/crime-and-courts/2019/04/28/police-4-found-dead-west-chester-apartment/3613490002/","","","","","","","","","","","","","","","",""
"4/28/19","Unknown","0","4","Birmingham","AL","http://www.wbrc.com/2019/04/28/four-people-shot-outside-ensley-club/;https://www.wvtm13.com/article/shooting-outside-birmingham-nightclub-sends-four-people-to-hospital/27298045","","","","","","","","","","","","","","","",""
"4/28/19","Unknown","0","6","Los Angeles","CA","https://www.nbclosangeles.com/news/local/Six-People-shot-in-Cypress-Park-509177561.html;https://ktla.com/2019/04/27/5-people-wounded-in-cypress-park-shooting/","","","","","","","","","","","","","","","",""
"4/28/19","Unknown","1","7","Baltimore","MD","https://www.sfgate.com/news/crime/article/Police-7-shot-1-fatally-in-latest-Baltimore-13802402.php?utm_campaign=CMS%20Sharing%20Tools%20(Mobile)&utm_source=reddit.com&utm_medium=referral;https://baltimore.cbslocal.com/2019/04/28/church-shooting-west-baltimore/","","","","","","","","","","","","","","","",""
"4/28/19","Unknown","0","7","Nashville","TN","https://www.wsmv.com/news/seven-people-shot-at-north-nashville-house-party/article_5d2186ec-69d2-11e9-95b4-df2635b95281.html;https://www.tennessean.com/story/news/2019/04/28/7-injured-north-nashville-party-shooting/3610922002/","","","","","","","","","","","","","","","",""
"4/27/19","Unknown","1","3","Jackson","MS","https://www.wjtv.com/news/local-news/at-least-two-injured-in-south-jackson-shooting/1960289278;https://www.wlbt.com/2019/04/28/two-injured-south-jackson-shooting/","","","","","","","","","","","","","","","",""
"4/27/19","Unknown","1","3","Jackson","MI","https://www.wapt.com/article/one-man-dead-three-injured-in-shooting/27295330;https://www.mlive.com/news/jackson/2019/04/overnight-jackson-shooting-sends-4-to-hospital.html","","","","","","","","","","","","","","","",""
"4/27/19","John T. Earnest (victims included man, woman, child and rabbi worshipping at synogogue)","1","3","Poway","CA","https://www.sgvtribune.com/2019/04/27/sheriff-shooting-at-california-synagogue-leaves-injuries/;http://www.israelnationalnews.com/News/News.aspx/262329","","","","","","","","","","","","","","","",""
"4/26/19","Police officers (victims included 3 children)","0","4","Hugo","OK","https://abcnews.go.com/US/children-shot-oklahoma-police-open-fire-alleged-robbery/story?id=62669331;http://time.com/5579089/children-shot-oklahoma-police/","","","","","","","","","","","","","","","",""
"4/22/19","Unidentified (victims included gunman's sister-in-law and 2 children)","4","0","Fort Worth","TX","https://www.star-telegram.com/news/local/community/fort-worth/article229579459.html;https://www.star-telegram.com/news/local/crime/article229635379.html","","","","","","","","","","","","","","","",""
"4/22/19","Unknown","2","2","Cleveland","OH","https://www.news5cleveland.com/news/local-news/cleveland-metro/2-people-dead-two-others-injured-in-shooting-on-west-25th-street-at-barber-avenue;https://patch.com/ohio/cleveland/shooting-cleveland-bar-2-dead-2-hurt","","","","","","","","","","","","","","","",""
"4/21/19","Unknown (victims included 1 juvenile)","0","4","Philadelphia","PA","https://6abc.com/2-killed-4-injured-in-easter-night-shootings-in-philly/5263863/;https://philadelphia.cbslocal.com/2019/04/22/4-people-injured-in-grays-ferry-shooting-on-easter-sunday-police/","","","","","","","","","","","","","","","",""
"4/21/19","Unknown","0","4","Los Angeles","CA","https://abc7.com/4-wounded-in-south-la-car-to-car-shooting/5263511/;https://www.nbclosangeles.com/news/local/four-Shot-Vermont-South-Los-Angeles-508878791.html","","","","","","","","","","","","","","","",""
"4/20/19","Olivia Johnson (victims included 1 juvenile)","0","7","Memphis","TN","https://wreg.com/2019/04/20/police-five-people-injured-in-south-memphis-shooting/;http://www.wmcactionnews5.com/2019/04/21/woman-charged-with-shooting-injuring-multiple-people-south-memphis/","","","","","","","","","","","","","","","",""
"4/20/19","Unkown","0","4","Corpus Christi","TX","https://www.kiiitv.com/article/news/police-investigate-overnight-shooting-that-injured-four-men/503-63de0212-ee31-4c7a-867d-00efa565245b;https://kristv.com/uncategorized/2019/04/20/multiple-injuries-in-overnight-shooting/","","","","","","","","","","","","","","","",""
"4/19/19","Unknown","0","4","Wichita","KS","http://www.kake.com/story/40337763/south-wichita-shooting-leaves-4-injured-2-in-critical-condition;https://www.kansas.com/news/local/crime/article229500619.html","","","","","","","","","","","","","","","",""
"4/18/19","Unknown (victims were all teenagers)","0","4","Louisville","KY","https://www.wdrb.com/news/all-lanes-of-i--west-near-bells-lane-closed/article_5b4c484a-623c-11e9-a1a7-5360a8af9b07.html;http://www.wave3.com/2019/04/19/four-teens-shot-car-i-west-louisville/","","","","","","","","","","","","","","","",""
"4/17/19","James Evans Jr (victims included gunman's ex-girlfriend & her daughter, son)","3","1","London","OH","https://www.10tv.com/article/police-mother-daughter-killed-madison-county-suspect-dead-apparent-suicide-2019-apr;https://www.10tv.com/article/friends-mother-killed-london-shooting-say-suspect-had-made-threats-2019-apr","","","","","","","","","","","","","","","",""
"4/16/19","Unknown (victims included 1 juvenile)","1","3","Germantown","MD","https://wjla.com/news/local/police-investigating-quadruple-shooting-in-germantown;https://wtop.com/montgomery-county/2019/04/police-4-shot-in-germantown-md/","","","","","","","","","","","","","","","",""
"4/14/19","Unknown","1","3","Vallejo","CA","https://www.sfchronicle.com/crime/article/Four-shot-one-dead-in-Vallejo-13767111.php;https://sanfrancisco.cbslocal.com/2019/04/14/1-killed-3-hurt-in-vallejo-shooting/","","","","","","","","","","","","","","","",""
"4/14/19","Unknown","0","4","Stockton","CA","https://www.kcra.com/article/4-hurt-stockton-bar-shooting-police/27140962;https://sacramento.cbslocal.com/2019/04/14/four-men-shot-in-stockton-bar/","","","","","","","","","","","","","","","",""
"4/14/19","Unknown","2","2","Miami-Dade","FL","https://wsvn.com/news/local/2-dead-2-injured-following-shooting-in-nw-miami-dade/;https://www.nbcmiami.com/news/local/Quadruple-Shooting-NW-Miami-Dade-508560371.html","","","","","","","","","","","","","","","",""
"4/14/19","Unknown","1","3","Upland","CA","https://ktla.com/2019/04/14/person-sought-after-shooting-at-upland-house-party-leaves-1-dead-3-hurt/;https://losangeles.cbslocal.com/2019/04/14/gunfire-erupts-gathering-baby-shower-upland-home/","","","","","","","","","","","","","","","",""
"4/13/19","Unknown","0","4","Moreno Valley","CA","https://www.sbsun.com/2019/04/17/four-people-injured-in-weekend-shooting-at-business-in-moreno-valley/;https://www.pe.com/2019/04/17/four-people-injured-in-weekend-shooting-at-business-in-moreno-valley/","","","","","","","","","","","","","","","",""
"4/12/19","Jody Pullen Jr.","0","4","Carbondale","IL","https://thesouthern.com/news/local/crime-and-courts/injured-in-friday-night-downtown-carbondale-shooting-police-id-suspect/article_69181561-f152-588e-bdfa-8c0aab7d7318.html;http://www.kfvs12.com/2019/04/13/heavy-police-presence-washington-st-carbondale-il/","","","","","","","","","","","","","","","",""
"4/12/19","Austin Smith (victims included gunman's wife & 2 young daughters)","3","2","Phoenix","AZ","https://www.turnto23.com/news/national/police-phoenix-man-kills-4-people-including-wife-2-young-children;http://ktar.com/story/2530261/phoenix-man-accused-of-killing-4-injuring-2-in-domestic-dispute/;https://www.abc15.com/news/region-phoenix-metro/west-phoenix/police-1-dead-2-hurt-after-shooting-in-west-phoenix;https://www.cnn.com/2019/04/14/us/phoenix-man-kills-wife-and-children-over-affair-allegations/index.html","","","","","","","","","","","","","","","",""
"4/11/19","Unknown","1","3","Los Angeles","CA","https://www.wxyz.com/news/national/one-killed-3-wounded-in-drive-by-shooting-during-funeral-procession-for-nipsey-hussle;https://deadline.com/2019/04/nipsey-hussle-funeral-procession-marred-by-shooting-one-dead-three-injured-1202594361/","","","","","","","","","","","","","","","",""
"4/11/19","Unknown","1","3","Baltimore","MD","https://www.wbal.com/article/382906/21/police-one-killed-in-quadruple-shooting-near-druid-hill-park;https://baltimore.cbslocal.com/2019/04/11/multiple-people-shot-west-baltimore/","","","","","","","","","","","","","","","",""
"4/9/19","Unknown","0","4","Kansas City","MO","https://www.kansascity.com/news/local/crime/article229038679.html;https://www.kmbc.com/article/police-investigate-shooting-tuesday-afternoon-near-53rd-michigan/27092238","","","","","","","","","","","","","","","",""
"4/7/19","Unknown (victims included 1 juvenile)","0","6","Wilmington","DE","https://6abc.com/wilmington-shooting-leaves-6-injured-police-say/5237926/;https://whyy.org/articles/wilmington-shuts-down-corner-market-after-six-people-shot-outside/","","","","","","","","","","","","","","","",""
"4/7/19","Unknown (victims included 4 juveniles)","0","4","Shreveport","LA","https://www.klfy.com/top-stories/4-juveniles-shot-and-wounded-in-louisiana-mobile-home-park/1906427568;http://www.ksla.com/2019/04/07/juveniles-shot-injured-south-shreveport/","","","","","","","","","","","","","","","",""
"4/7/19","Unknown","0","6","Winston-Salem","NC","https://www.wfmynews2.com/article/news/crime/six-hurt-in-shooting-outside-winston-salem-bar-police/83-8ed1cc04-6de1-411e-b19a-51747cb987b6;https://www.wxii12.com/article/six-people-shot-inside-winston-salem-club-overnight/27065431","","","","","","","","","","","","","","","",""
"4/7/19","Unknown","2","3","Indianapolis","IN","https://www.wishtv.com/news/crime-watch-8/shooting-at-east-side-bar-leaves-2-dead-5-shot/1905848127;https://www.theindychannel.com/news/local-news/crime/violent-night-four-dead-five-injured-in-shootings-across-indianapolis","","","","","","","","","","","","","","","",""
"4/6/19","Unknown (victims included 8-yo boy & 10-yo girl)","0","6","Chicago (Englewood)","CO","https://chicago.suntimes.com/news/8-shot-including-2-children-at-birthday-party-englewood/;https://chicago.cbslocal.com/2019/04/06/breaking-at-least-five-people-wounded-in-englewood-shooting/","","","","","","","","","","","","","","","",""
"4/6/19","Unknown","0","4","Tallahassee","FL","https://www.tallahassee.com/story/news/2019/04/06/four-people-shot-famu-tallahassee-injured-early-morning-shooting-gun-violence/3385790002/;https://www.wtxl.com/news/local-news/four-people-shot-near-famu-campus","","","","","","","","","","","","","","","",""
"4/4/19","Michael Harrison Hunt","1","3","Panama City","FL","https://www.mypanhandle.com/news/one-person-dead-person-of-interest-still-on-the-loose-after-allen-avenue-shooting/1902633635;https://www.wjhg.com/content/news/Several-injured-in-Cove-shooting-suspect-still-on-the-loose-508153991.html","","","","","","","","","","","","","","","",""
"4/4/19","Unidentified (victims included pregnant woman & her teen son)","3","2","Stockbridge","GA","https://www.wsbtv.com/news/local/henry-county/breaking-news-at-least-1-henry-county-police-officer-shot-sources-say/936989282;https://www.11alive.com/article/news/local/pregnant-woman-teen-found-dead-after-standoff-at-home-where-2-police-officers-were-shot/85-2dab3cf2-b8cf-4952-ae65-79ecf826e789","","","","","","","","","","","","","","","",""
"4/2/19","Lydell Page","0","4","Hermanville","MS","https://www.clarionledger.com/story/news/local/2019/04/03/4-shot-2-critically-claiborne-county-convenience-store/3354555002/;https://www.wjtv.com/news/local-news/lydell-page-turns-himself-in-after-deputies-say-he-shot-four-people/1897600353","","","","","","","","","","","","","","","",""
"4/2/19","Kevin Jones","0","5","Covington","KY","https://www.wcpo.com/news/crime/5-people-hit-in-covington-drive-by-shooting-police-say;http://www.wave3.com/2019/04/03/update-shot-covington-drive-by/","","","","","","","","","","","","","","","",""
"3/31/19","Unknown (victims included 1 juvenile)","1","4","Atlanta","GA","https://www.11alive.com/article/news/crime/house-party-leaves-1-dead-4-injured-in-southwest-atlanta/85-8a1471a4-6f74-4d42-aa04-3cdf5d5b6d82;https://www.ajc.com/news/crime--law/just-killed-injured-shooting-outside-atlanta-apartments/NDBnWWJVxWJXbiSRUO57cI/","","","","","","","","","","","","","","","",""
"3/31/19","Unknown","0","7","North Charleston","SC","https://abcnews4.com/news/crime-news/north-charleston-police-investigating-after-7-shot-at-jacksonville-rd-party;http://www.live5news.com/2019/03/31/police-shot-party-north-charleston-early-sunday-morning/","","","","","","","","","","","","","","","",""
"3/31/19","Unknown","1","4","Chicago (East Garfield Park)","IL","https://chicago.suntimes.com/news/5-wounded-east-garfield-park-shooting-hamlin/;https://www.chicagotribune.com/news/local/breaking/ct-met-multiple-people-shot-east-garfield-park-20190331-story.html","","","","","","","","","","","","","","","",""
"3/28/19","Unknown","0","4","Baltimore","MD","https://www.wbaltv.com/article/quadruple-shooting-in-southeast-baltimore-police-say/26977950;https://baltimore.cbslocal.com/2019/03/28/police-investigating-shooting-on-boston-street-in-southeast-baltimore/","","","","","","","","","","","","","","","",""
"3/25/19","Unknown (victims were all high school students)","0","5","North Las Vegas","NV","https://news3lv.com/news/local/heavy-police-activity-near-craig-and-simmons;https://www.reviewjournal.com/crime/shootings/no-arrests-in-north-las-vegas-shooting-that-injured-5-students-1626434/","","","","","","","","","","","","","","","",""
"3/23/19","Unknown (victims included 15-yr-old)","0","7","Phoenix","AZ","https://www.abc15.com/news/region-phoenix-metro/central-phoenix/teen-among-shooting-victims-at-overnight-party-in-phoenix;https://www.azcentral.com/story/news/local/phoenix-breaking/2019/03/24/7-wounded-shooting-phoenix-warehouse-party/3261318002/;","","","","","","","","","","","","","","","",""
"3/23/19","Unknown","1","5","San Francisdo","CA","https://www.sfgate.com/crime/article/Report-SF-shooting-involving-multiple-victims-13712042.php;https://abc7news.com/police-say-1-dead-3-injured-in-sf-shooting/5214243/","","","","","","","","","","","","","","","",""
"3/19/19","Unknown","0","4","Nashville","TN","https://www.newschannel5.com/news/argument-leads-to-shooting-that-injures-four-in-nashville;https://www.wsmv.com/news/police-people-shot-at-duplex-on-luann-drive-in-antioch/article_f7b5ed48-4ab9-11e9-b08f-3bea3d5521cc.html","","","","","","","","","","","","","","","",""
"3/19/19","Jeffrey Craig Rhone II (victims included 17-yr-old girl)","2","4","Phoenix","AZ","http://ktar.com/story/2491785/suspect-in-custody-after-2-killed-4-injured-in-shooting-at-phoenix-house/;https://www.azfamily.com/news/pd-suspect-arrested-after-killing-hurting-at-phoenix-house-party/article_b06a68ea-4a39-11e9-b747-07742f1d3bd4.html?fbclid=IwAR0zgoQzDdJ4ID-H9DMXwM9UL-ID_5r4CFzMNqd3fk00vI7jHjUdFmyCDXI","","","","","","","","","","","","","","","",""
"3/17/19","Marquavous Coley","1","3","Rochelle","GA","https://www.cordeledispatch.com/2019/03/17/one-dead-three-injured-in-rochelle-shooting/;https://wgxa.tv/news/local/fatal-shooting-in-wilcox-county-over-the-weekend-3-injured-and-recovering","","","","","","","","","","","","","","","",""
"3/17/19","Montreze Roundtree","0","4","Augusta","GA","https://www.wjbf.com/news/csra-news/four-injured-after-st-patrick-s-day-shooting/1856446042;https://www.wrdw.com/content/news/Four-men-injured-one-man-in-custody-after-Broad-Street-shooting-507269801.html","","","","","","","","","","","","","","","",""
"3/17/19","Unknown","0","4","Las Vegas","NV","https://www.reviewjournal.com/crime/shootings/el-cortez-in-downtown-las-vegas-reopens-after-early-morning-shooting-1620257/;https://www.ktnv.com/news/crime/4-people-shot-at-el-cortez-hotel-casino-in-downtown-las-vegas","","","","","","","","","","","","","","","",""
"3/16/19","Unknown","1","3","Camden","NJ","https://www.courierpostonline.com/story/news/crime/2019/03/16/camden-speakeasy-shooting-homicide-centerville-resean-mccormick-ferry-avenue/3185586002/;https://6abc.com/1-dead-3-wounded-in-after-hours-club-shooting-in-camden/5198059/","","","","","","","","","","","","","","","",""
"3/15/19","Cedric Williams","2","3","Mobile","AL","https://www.wkrg.com/news/mobile-county/two-dead-three-others-hurt-in-dip-shooting/1854397361;https://www.mobilepd.org/news/500-block-of-dauphin-island-parkway-homicide-investigation/?fbclid=IwAR2foqbtJ1ez7H5b3aglL7S3VD42wIHy_pFLjdtgw_Z1mM1ZFt6grSPOkzk","","","","","","","","","","","","","","","",""
"3/14/19","Johnathan Bertsch","0","4","Missoula","MT","https://missoulian.com/news/state-and-regional/crime-and-courts/missoula-authorities-respond-to-late-night-active-crime-scene-evaro/article_446a71d3-8a0c-5e81-a4d2-2d3349299409.html;https://kpax.com/news/western-montana-news/2019/03/15/probe-into-evaro-missoula-shootings-continue-trooper-in-critical-condition/","","","","","","","","","","","","","","","",""
"3/13/19","Unknown","1","3","Harvey","IL","https://www.chicagotribune.com/suburbs/daily-southtown/news/ct-sta-harvey-strip-club-shootings-st-0314-story.html;https://chicago.suntimes.com/crime/1-dead-3-wounded-in-shooting-at-harvey-nightclub-police/","","","","","","","","","","","","","","","",""
"3/11/19","Unknown","0","4","Paterson","NJ","https://www.nj.com/passaic-county/2019/03/4-men-wounded-in-shooting-at-paterson-liquor-store.html;https://abc7ny.com/4-men-wounded-in-shooting-at-paterson-liquor-store-/5184959/","","","","","","","","","","","","","","","",""
"3/10/19","Unknown (victims included at least 3 children)","0","4","Shreveport","LA","http://www.ksla.com/2019/03/10/police-investigating-drive-by-shooting-shreveport/;https://www.ktbs.com/news/children-shot-in-shreveport-shooting/article_dd10152a-436d-11e9-acd5-9b8deac2def4.html","","","","","","","","","","","","","","","",""
"3/10/19","Unknown","1","4","Denver","CO","https://koaa.com/news/covering-colorado/2019/03/10/the-latest-police-say-1-dead-4-wounded-in-denver-shooting/;https://patch.com/colorado/denver/lodo-shooting-leaves-1-dead-3-critical-denver-police","","","","","","","","","","","","","","","",""
"3/3/19","Unidentified","0","4","Oakland","CA","https://www.eastbaytimes.com/2019/03/03/four-wounded-suspect-arrested-after-oakland-sports-bar-shooting/;https://www.kron4.com/news/bay-area/4-injured-in-oakland-shooting-suspect-arrested/1823709418","","","","","","","","","","","","","","","",""
"3/3/19","Unknown","0","6","Chicago (South Shore)","IL","https://chicago.suntimes.com/news/6-shot-inside-south-side-bar/;https://www.dailyherald.com/article/20190303/news/303039936/","","","","","","","","","","","","","","","",""
"3/2/19","Unknown","1","4","Pine Bluff","AR","https://www.thv11.com/article/news/crime/police-1-killed-multiple-injured-in-pine-bluff-shooting/91-ea322345-d43a-4496-aaec-471e65cfbf66;https://www.dothaneagle.com/news/ap/state/dead-injured-in-pine-bluff-drive-by-shooting/article_3791a0ea-71c8-5aa7-9358-c73ef1f6a681.html","","","","","","","","","","","","","","","",""
"2/28/19","Unknown","1","3","Oakland","CA","https://abc7news.com/1-killed-in-quadruple-shooting-in-oakland/5162088/;https://sanfrancisco.cbslocal.com/2019/02/28/oakland-police-investigate-shooting-that-injured-four/","","","","","","","","","","","","","","","",""
"2/28/19","Brandyn Lee (victims included gunman's wife and two young daughters)","4","0","Joliet","IL","https://abc7chicago.com/several-people-dead-in-apparent-murder-suicide-in-joliet/5160792/;https://chicago.cbslocal.com/2019/02/28/joliet-murder-suicide-shooting/","","","","","","","","","","","","","","","",""
"2/22/19","Unknown","2","2","Birmingham","AL","https://www.wvtm13.com/article/two-killed-two-injured-in-shooting-in-birminghams-eastern-section/26484430;http://www.trussvilletribune.com/2019/02/23/breaking-multiple-shooting-on-friday-night-leaves-2-dead-in-east-birmingham/","","","","","","","","","","","","","","","",""
"2/21/19","Shadrach Peeler (victims included gunman's girlfriend)","2","2","Elizabethtown","TN","https://www.wlky.com/article/2-killed-2-injured-in-etown-shooting-spree/26462765;https://www.wdrb.com/news/elizabethtown-resident-believes-woman-killed-in-shooting-spree-pounded-on/article_f8e6626c-36c1-11e9-a9b7-4ba032671603.html","","","","","","","","","","","","","","","",""
"2/21/19","Unknown","1","4","Baltimore","MD","https://www.wbaltv.com/article/five-shot-one-fatally-in-west-baltimore/26456530;https://baltimore.cbslocal.com/2019/02/21/baltimore-city-police-confirm-triple-shooting/","","","","","","","","","","","","","","","",""
"2/21/19","Unknown","2","2","Houston","TX","https://www.click2houston.com/news/crime/rooftop-gunman-shoots-4-people-kills-2-in-east-houston;https://www.khou.com/article/news/brothers-killed-in-rooftop-shooting-identified/285-1dcd1f9f-04af-4288-b133-bb57d248264f","","","","","","","","","","","","","","","",""
"2/20/19","Unknown (victims included 14-yr-old boy)","0","4","Covington","TN","https://www.localmemphis.com/news/local-news/search-underway-for-gunmen-after-four-people-were-shot-injured-in-covington/1799429945;http://www.covingtonleader.com/news/police_fire/covington-mayor-says-wednesday-s-shooting-spree-was-domestic-terrorism/article_2a29ec0c-361f-11e9-a1d1-db46145cf44d.html","","","","","","","","","","","","","","","",""
"2/18/19","Unidentified (victims included 3 young children)","4","0","Cedar Springs","MI","https://www.woodtv.com/news/kent-county/deaths-reported-in-northern-kent-county/1792002879;https://www.mlive.com/news/grand-rapids/2019/02/multiple-victims-in-reported-shooting-near-cedar-springs.html","","","","","","","","","","","","","","","",""
"2/17/19","Unknown","2","2","Henderson","TX","https://www.cbs19.tv/article/news/two-dead-in-henderson-apartment-shooting-suspect-in-custody/501-0d0e99da-2ef5-45d4-82b4-bf90d7f7c4ac","","","","","","","","","","","","","","","",""
"2/17/19","Unknown (victims were all innocent bystanders, including 1 juvenile)","1","5","New Orleans","LA","https://www.theadvocate.com/new_orleans/news/crime_police/article_16838214-3302-11e9-99cb-f31550cf2165.html;http://www.wlox.com/2019/02/18/nopd-dead-others-injured-cbd-shooting/;http://www.fox8live.com/2019/02/18/nopd-multiple-victims-injured-cbd-shooting/","","","","","","","","","","","","","","","",""
"2/17/19","John E. Perteet","0","5","Evansville","IN","http://44news.wevv.com/5-injured-shooting-sidetrack-tavern-evansville-police-investigating/;https://www.courierpress.com/story/news/local/2019/02/17/five-shot-outside-evansville-bar/2899622002/","","","","","","","","","","","","","","","",""
"2/16/19","Nam Le (victims included gunman's wife, sister-in-law, her fiance and babysitter)","4","1","Clinton","MS","https://www.clarionledger.com/story/news/2019/02/17/hostage-standoff-4-dead-clinton-ms-domestic-dispute/2899009002/;https://www.nbc4i.com/news/u-s-world/4-dead-after-mississippi-hostage-standoff-shooting/1789423579;https://heavy.com/news/2019/02/nam-le-clinton-mississippi/","","","","","","","","","","","","","","","",""
"2/15/19","Bryce Bellomo (victims included 2 of gunman's in-laws)","3","1","Nevis","MN","http://www.startribune.com/deputy-injured-3-others-dead-in-hubbard-county-shooting/505886662/;https://kfgo.com/news/articles/2019/feb/17/authorities-identify-three-who-died-in-hubbard-county-shootings/","","","","","","","","","","","","","","","",""
"2/15/19","Gary Martin (killed victims were gunman's co-workers)","6","6","Aurora","IL","https://www.chicagotribune.com/suburbs/aurora-beacon-news/news/ct-abn-aurora-police-st-0217-story.html;https://www.cnbc.com/2019/02/15/city-reports-active-shooter-situation-in-aurora-illinois.html;https://www.facebook.com/AuroraILPolice/posts/2083019915097078","","","","","","","","","","","","","","","",""
"2/14/19","Unknown (victims inlcuded 14-yr-old)","2","2","Jacksonville","FL","https://www.wokv.com/news/local/multiple-people-shot-northwest-jacksonville/1rVdYaaiUD6tyOcemgLBmI/;https://www.news4jax.com/news/local/jacksonville/jacksonville-sheriffs-office-investigates-death-in-northwest-jacksonville","","","","","","","","","","","","","","","",""
"2/11/19","Randy Horn (victims included gunman's wife, their infant child, and her grandparents)","5","0","Blanchard","TX","https://www.click2houston.com/news/5-shot-to-death-at-home-near-lake-livingston-officials-say;https://www.itemonline.com/news/five-reported-dead-at-home-near-lake-livingston/article_85351520-2e42-11e9-a541-17d2059e6cf7.html","","","","","","","","","","","","","","","",""
"2/9/19","Unknown","0","4","Petersburg","VA","https://wtvr.com/2019/02/10/perry-street-lofts-quadruple-shooting/","","","","","","","","","","","","","","","",""
"2/7/19","Unknown","1","3","Cleveland","OH","https://www.cleveland.com/metro/2019/02/man-dead-three-injured-in-shooting-inside-home-in-clevelands-clark-fulton-neighborhood.html;http://www.cleveland19.com/2019/02/07/killed-others-injured-shooting-clevelands-clark-fulton-neighborhood/","","","","","","","","","","","","","","","",""
"2/6/19","Unknown","1","3","Brooklyn","NY","https://abc7ny.com/3-wounded-1-critically-in-shooting-at-brooklyn-apartment-building-/5124988/;https://www.nbcnewyork.com/news/local/Shooting-Bed-Stuy-Brooklyn-NYPD-505485981.html","","","","","","","","","","","","","","","",""
"2/4/19","Unknown ","2","2","San Antonio","TX","https://news4sanantonio.com/news/local/6-year-old-three-others-wounded-in-shooting-outside-texas-roadhouse;https://www.ksat.com/news/2-killed-2-wounded-in-shooting-on-se-side","","","","","","","","","","","","","","","",""
"2/4/19","Unknown (young girl was also wounded by shattered glass)","0","4","Washington","DC","https://wjla.com/news/local/triple-shooting-in-southeast;http://www.fox5dc.com/news/dc-news/3-shot-in-southeast-dc","","","","","","","","","","","","","","","",""
"2/4/19","Unknown","0","4","Baton Rouge","LA","https://www.klfy.com/news/local/overnight-shooting-leaves-four-injured-in-baton-rouge/1753749583;https://www.theadvocate.com/baton_rouge/news/crime_police/article_d113c776-2879-11e9-81dd-13f2ca59d3ca.html","","","","","","","","","","","","","","","",""
"2/3/19","Unknown (victims included at least 1 juvenile)","4","0","Palm Springs","CA","https://www.kesq.com/news/three-people-found-dead-at-palm-springs-crash-scene-may-have-been-homicide-victims-/1002609968;https://www.desertsun.com/story/news/crime_courts/2019/02/05/police-id-person-interest-investigation-into-homicide-collision/2779957002/?fbclid=IwAR38dGKyYj4HpyhPn1NtCp2gNuaOk-coVdu6v6IrSSauDrMAUcYZB1Tg8LU","","","","","","","","","","","","","","","",""
"2/3/19","Unknown","2","5","Chicago (West Garfield)","IL","https://chicago.suntimes.com/news/4-people-shot-outside-reynolds-lounge-in-drive-by-attack/;https://chicago.cbslocal.com/2019/02/03/shooting-at-south-side-lounge/","","","","","","","","","","","","","","","",""
"2/2/19","Unknown","0","4","San Diego","CA","https://www.10news.com/news/local-news/police-investigating-encanto-house-party-shooting-3-people-injured?fbclid=IwAR11SDnKE7c2Np-t3OJStBfzBR79qVCh8F31EzkjhMdNp6Z23VMCgGHUYbk;https://fox5sandiego.com/2019/02/02/4-shot-after-fight-breaks-out-at-encanto-house-party/","","","","","","","","","","","","","","","",""
"2/2/19","George Velazquez Viera (victims included gunman's wife and 2 of her friends)","2","2","Grand Prairie","TX","https://www.dallasnews.com/news/crime/2019/02/02/man-kills-wife-grand-prairie-murder-suicide-police-say;https://www.wfaa.com/article/news/four-shot-two-fatally-during-domestic-violence-incident-in-grand-prairie/287-3c2656b3-cfd1-4d17-8fde-a207d5e766ce","","","","","","","","","","","","","","","",""
"1/28/19","Unknown","2","4","Houston","TX","https://www.kwch.com/content/news/At-least-5-police-officers-shot-in-Houston-504991641.html;https://www.khou.com/article/news/crime/four-houston-police-officers-shot-2-suspects-dead/285-d0743b30-9cf3-428c-a278-9d8ae8dc4e09","","","","","","","","","","","","","","","",""
"1/27/19","Unknown (victims included 1 juvenile)","0","5","Birmingham","AL","https://abc3340.com/news/local/3-people-shot-in-ensley;https://www.al.com/news/birmingham/2019/01/5-people-including-juvenile-wounded-by-gunfire-in-ensley-shooting.html","","","","","","","","","","","","","","","",""
"1/26/19","Unknown (victims were all women attending a prayer vigil, including 16-year-old girl who died)","1","3","Newark","NJ","https://newyork.cbslocal.com/2019/01/27/4-women-shot-in-newark/;https://abc7ny.com/4-women-injured-1-critically-in-shooting-in-newark/5108485/;https://www.nj.com/crime/2019/02/16-year-old-girl-shot-while-mourning-at-a-candlelight-vigil-dies.html","","","","","","","","","","","","","","","",""
"1/26/19","Dakota Theriot (victims included gunman's parents and girlfriend)","5","0","Livingston Parish","LA","http://www.fox8live.com/2019/01/26/shooting-suspect-large-after-killed-critically-injured-two-parishes/;https://www.theadvocate.com/baton_rouge/news/crime_police/article_385070b4-21a0-11e9-80ad-73ea60eda996.html;https://www.nydailynews.com/news/crime/ny-news-five-fatally-shot-louisiana-20190126-story.html;https://www.npr.org/2019/01/27/689140199/louisiana-police-arrest-man-suspected-of-killing-parents-girlfriend-and-2-others","","","","","","","","","","","","","","","",""
"1/26/19","Unknown","0","4","Albany","GA","http://www.walb.com/2019/01/26/update-victims-identified-w-roosevelt-shooting/;https://www.albanyherald.com/news/local/four-shot-at-college-party/article_a00ea51c-59fb-51f5-ad9c-88ccea8902fb.html","","","","","","","","","","","","","","","",""
"1/26/19","Unknown","0","5","Indianapolis","IN","https://www.indystar.com/story/news/2019/01/26/indianapolis-crime-5-shot-after-disturbance-bar-police-say/2687475002/;https://www.theindychannel.com/news/local-news/indianapolis/five-people-shot-at-indianapolis-bar","","","","","","","","","","","","","","","",""
"1/25/19","Unknown","1","4","Gaston","NC","https://wtkr.com/2019/01/26/1-person-dead-2-wounded-after-birthday-party-shooting-in-northampton-county/;https://rrspin.com/news/715-gaston-murder-shooting-probe-continues.html","","","","","","","","","","","","","","","",""
"1/24/19","Daylon Delon Gamble","4","1","Rockmart","GA","https://www.ajc.com/news/crime--law/breaking-dead-wounded-polk-county-shootings-gbi-responding/Fq8ycnRNJVrPnBasRUXFWK/;http://www.wflx.com/2019/01/25/shootings-northern-georgia-leave-dead-wounded/","","","","","","","","","","","","","","","",""
"1/24/19","Jordan Witmer (victims included gunman's girlfriend, gunman had legal CCW permit)","4","1","State College","PA","https://wjactv.com/news/local/state-college-police-investigating-crime-scene-on-south-atherton-street;https://www.centredaily.com/news/local/crime/article225064305.html;https://6abc.com/3-dead-in-shooting-spree-near-penn-state-university/5105986/","","","","","","","","","","","","","","","",""
"1/23/19","Zephen Xaver (victims were all women shot execution style)","5","0","Sebring","FL","https://www.washingtonpost.com/nation/2019/01/23/several-people-shot-after-gunman-barricades-himself-florida-bank-authorities-say/?noredirect=on&utm_term=.397bdf4cc576;http://www.wlrn.org/post/five-dead-sebring-bank-shooting","","","","","","","","","","","","","","","",""
"1/20/19","Unknown (victims included a child)","0","4","Miami","FL","https://www.local10.com/news/crime/4-wounded-during-block-party-shooting-in-southwest-miami-dade;https://www.miamiherald.com/news/local/crime/article224854285.html","","","","","","","","","","","","","","","",""
"1/19/19","Homeowner (self-defense)","3","2","Houston","TX","https://www.click2houston.com/news/homeowner-fatally-shoots-3-men-during-home-invasion-police-said;https://www.khou.com/article/news/crime/3-suspects-dead-another-injured-after-homeowner-opens-fire-during-east-houston-break-in/285-29b21dcb-0f08-43bb-8d1e-6bd7d8b559e2","","","","","","","","","","","","","","","",""
"1/19/19","Jacoby King (victims included gunman's ex-girlfriend)","3","2","Jacksonville","FL","https://www.news4jax.com/top-stories/3-dead-2-injured-in-murder-suicide-jacksonville-police-say;https://www.fox30jax.com/news/local/3-dead-2-hospitalized-in-westside-neighborhood/906941658","","","","","","","","","","","","","","","",""
"1/19/19"," Dominique Shumate, Eric Mcgill, Sean Sykes","0","4","Lebanon","PA","https://leb.town/2019/01/19/four-people-shot-at-1140-church-street-in-downtown-lebanon-police-say-shooting-was-targeted/;https://www.wgal.com/article/4-people-shot-in-lebanon/25961195","","","","","","","","","","","","","","","",""
"1/19/19","Unknown","0","4","Chicago (West Garfield)","IL","https://chicago.suntimes.com/news/3-women-1-man-shot-on-west-garfield-park-street/;https://www.chicagotribune.com/news/local/breaking/ct-chicago-shootings-20190119-story.html#nt=oft13a-4gp1","","","","","","","","","","","","","","","",""
"1/19/19","Unknown","1","4","Gaffney","SC","https://www.wyff4.com/article/5-shot-1-killed-in-shooting-outside-upstate-nightclub-sheriff-says/25960515;https://www.goupstate.com/news/20190119/1-dead-4-injured-in-gaffney-nightclub-shooting-sheriff-wants-to-shutter-business","","","","","","","","","","","","","","","",""
"1/17/19","Arnett B. Baines, Cylar L. Shemwell","3","1","Owensboro","KY","http://www.14news.com/2019/01/17/breaking-dead-hurt-after-owensboro-shooting/;https://surfky.com/index.php/daviess/daviess-county-news/136108-multiple-homicide-investigation-underway-in-owensboro","","","","","","","","","","","","","","","",""
"1/16/19","Unknown","3","1","Palmdale","CA","http://theavtimes.com/2019/01/17/three-dead-one-wounded-in-palmdale-shooting/;https://www.dailynews.com/2019/01/17/3-killed-1-wounded-in-palmdale-shooting/;https://www.latimes.com/local/lanow/la-me-ln-bowling-shooting-arrest-20190107-story.html","","","","","","","","","","","","","","","",""
"1/16/19","Unknown","1","5","Jacksonville","FL","https://www.news4jax.com/news/jso-investigating-death-in-spring-park;https://www.actionnewsjax.com/news/local/targeted-shooting-leaves-one-man-dead-five-injured/905581102","","","","","","","","","","","","","","","",""
"1/15/19","Justin Foster & Ahmad Salaam (victims included 2 bystanders; perp. claimed DGU)","1","4","Little Rock","AR","https://www.arkansasonline.com/news/2019/jan/15/police-4-hurt-1-critical-condition-after-southwest/;https://www.thv11.com/article/news/crime/3-injured-1-dead-in-little-rock-shooting-off-baseline-road/91-d91234dd-915f-45d5-bce4-4e274c1c6941;https://www.arkansasonline.com/news/2019/jan/16/police-id-men-suspected-little-rock-shooting-after/","","","","","","","","","","","","","","","",""
"1/14/19","Damon Murad Asad & Juan Antonio Andrade (victims were 3 police officers)","1","3","Odessa","TX","http://www.newswest9.com/2019/01/15/three-ector-co-deputies-released-after-being-shot-suspect-dead-custody/;https://www.cbs7.com/content/news/Ector-County-deputy-shot-armed-suspect-on-the-run-504354991.html;https://www.oaoa.com/news/crime_justice/law_enforcement/article_0d11e5e4-1a94-11e9-afc7-23daa14fa97c.html","","","","","","","","","","","","","","","",""
"1/13/19","Unknown","1","5","Phoenix","AZ","https://www.abc15.com/news/region-phoenix-metro/west-phoenix/pd-multiple-people-injured-in-shooting-at-25th-st-and-van-buren;https://www.12news.com/article/news/local/valley/police-1-in-serious-condition-5-hospitalized-in-shooting-outside-phoenix-motel/75-455c4c07-a973-4e62-bdcf-f36141ee786b","","","","","","","","","","","","","","","",""
"1/6/19","Isaac Ray Chavez Jr.","0","4","Roswell","NM","https://www.kob.com/new-mexico-news/police-investigate-shooting-in-roswell/5201927/;https://www.krqe.com/news/new-mexico/roswell-police-arrest-man-connected-to-shooting-that-injured-four/1690926655;https://www.krqe.com/news/new-mexico/roswell-police-arrest-man-connected-to-shooting-that-injured-four/1690926655","","","","","","","","","","","","","","","",""
"1/6/19","Unknown","0","4","Fairfield","CA","https://www.sfgate.com/crime/article/Four-injured-in-shootout-at-rap-video-filming-in-13512634.php?utm_campaign=CMS%20Sharing%20Tools%20(Desktop)&utm_source=reddit.com&utm_medium=referral;https://www.dailyrepublic.com/all-dr-news/solano-news/fairfield/police-4-shot-inside-fairfield-business-during-filming-of-music-video/","","","","","","","","","","","","","","","",""
"1/6/19","James McDonald","2","2","Cache","OK","https://www.texomashomepage.com/news/local-news/deputy-shot-two-dead-one-injured-in-early-morning-cache-shooting/1688630510;https://www.kjrh.com/news/local-news/2-dead-officer-wounded-in-early-morning-oklahoma-shooting;http://www.kswo.com/2019/01/10/suspect-victim-names-released-after-shootout-cache/","","","","","","","","","","","","","","","",""
"1/4/19","Jason Owen Davis (victims included gunman's wife & 12-yr-old son, her mother & aunt; suicide)","3","2","Hurt","VA","https://www.wric.com/news/local-news/3-dead-2-injured-after-shooting-in-pittsylvania-county-victims-identified/1687683070;https://www.wdbj7.com/content/news/Father-is-suspected-gunman-of-Hurt-shooting-503959951.html","","","","","","","","","","","","","","","",""
"1/4/19","Reginald Wallace","3","4","Torrance","CA","https://www.latimes.com/local/lanow/la-me-ln-torrance-shooting-20190105-story.html;http://news.pioneergroup.com/manisteenews/2019/01/06/3-killed-4-injured-in-california-bowling-alley-shooting/","","","","","","","","","","","","","","","",""
"1/4/19","Lawrence Thompson III (victims included gunman's brother)","1","3","Houston","TX","https://www.click2houston.com/news/gunman-shot-to-death-by-officers-after-shooting-4-people-hpd-says;https://www.houstonchronicle.com/news/houston-texas/houston/article/Shooting-suspect-dead-after-Houston-police-open-13509755.php","","","","","","","","","","","","","","","",""
"1/3/19","Unknown","1","3","Yuma","AZ","https://www.foxnews.com/us/arizona-resident-shoots-four-burglars-killing-one-police-say;https://www.kyma.com/news/woman-dead-and-three-injured-in-home-invasion/963355954","","","","","","","","","","","","","","","",""
"1/2/19","Flando Montgomery, Taurus Bedford (victims included 1 juvenile)","1","3","Jonesboro","AR","https://www.arkansasonline.com/news/2019/jan/03/teenager-killed-jonesboro-shooting-former-main-str/?fbclid=IwAR3TLMKccBpHfKEfjnHUTbV7jSx1CM2uVjR1yhCY3milP90vwEv2RPkx7KM;https://www.fox16.com/news/state-news/update-teen-dies-3-injured-in-jonesboro-shooting/1684176374","","","","","","","","","","","","","","","",""
"1/1/19","Unknown","0","5","Tallahassee","FL","https://www.wctv.tv/content/news/Five-people-injured-in-overnight-shooting-503757361.html;https://www.wctv.tv/content/news/Five-people-injured-in-overnight-shooting-503757361.html","","","","","","","","","","","","","","","",""
"1/1/19","Unknown","0","5","Columbia","SC","https://www.wltx.com/article/news/local/5-injured-in-new-years-day-nightclub-shooting-in-columbia/101-9fd8870c-62ff-46ab-a556-4bb5e79062bd;https://www.thestate.com/news/local/crime/article223794645.html","","","","","","","","","","","","","","","",""